{
  "GUARANTEED_PUBDATA_BYTES": 4000,
  "MAX_PUBDATA_PER_BLOCK": 110000,
  "MAX_TRANSACTIONS_IN_BLOCK": 1024,
  "BLOCK_OVERHEAD_L2_GAS": 1200000,
  "BLOCK_OVERHEAD_L1_GAS": 1000000,
  "L2_TX_INTRINSIC_GAS": 14070,
  "L2_TX_INTRINSIC_PUBDATA": 0,
  "L1_TX_INTRINSIC_L2_GAS": 167157,
  "L1_TX_INTRINSIC_PUBDATA": 88,
  "MAX_GAS_PER_TRANSACTION": 80000000,
  "BOOTLOADER_MEMORY_FOR_TXS": 485225,
  "REFUND_GAS": 7343,
  "KECCAK_ROUND_COST_GAS": 40,
  "SHA256_ROUND_COST_GAS": 7,
  "ECRECOVER_COST_GAS": 1112
}